{"3-DES-128": 9.433333333333335, "3-DES-192": 29.433333333333326, "AES-128": 2.766666666666666, "AES-256": 2.766666666666666, "RSA-1024": 0.09999999999999999, "Blowfish-128": 13.433333333333328}