{"3-DES-128": 1.8212952772776283, "3-DES-192": 1.7934392452239987, "AES-128": 0.12250329653422039, "AES-256": 0.12666529019673667, "RSA-1024": 0.11983265082041422, "Blowfish-128": 0.13573004404703778, "Blowfish-192": 0.1358403523763021}