{"3-DES-128": 1.3333333333333333, "3-DES-192": 0.0, "AES-128": 0.0, "AES-256": 1.3333333333333333, "RSA-1024": 0.0, "Blowfish-128": 2.6666666666666665}