{"3-DES-128": 14.766666666666667, "3-DES-192": 24.099999999999994, "AES-128": 1.433333333333333, "AES-256": 2.766666666666666, "RSA-1024": 1.433333333333333, "Blowfish-128": 12.100000000000001, "Blowfish-192": 0.10000000000000002}