{"3-DES-128": 5.333333333333333, "3-DES-192": 0.0, "AES-128": 0.0, "AES-256": 0.0, "RSA-1024": 4.666666666666667, "Blowfish-128": 0.0, "Blowfish-192": 0.0}