{"3-DES-128": 1.8049315770467118, "3-DES-192": 1.7916402975718178, "AES-128": 0.12134092648824057, "AES-256": 0.13000179926554364, "RSA-1024": 0.12199912071228027, "Blowfish-128": 0.13636423746744794, "Blowfish-192": 0.13762928644816083}