{"3-DES-128": 1.7163972854614258, "3-DES-192": 1.718656301498413, "AES-128": 0.022172292073567707, "AES-256": 0.027008771896362305, "RSA-1024": 0.001832723617553711, "Blowfish-128": 0.03507788976033529, "Blowfish-192": 0.03579338391621908}