{"3-DES-128": 1.9747868537902828, "3-DES-192": 1.9039826552073158, "AES-128": 0.13750713666280112, "AES-256": 0.12800877888997397, "RSA-1024": 0.12022047837575277, "Blowfish-128": 0.13706892331441242}