{"3-DES-128": 1.7262664635976155, "3-DES-192": 1.713664134343465, "AES-128": 0.020941734313964844, "AES-256": 0.03200411796569824, "RSA-1024": 0.0025009711583455405, "Blowfish-128": 0.03833564122517904, "Blowfish-192": 0.0367730458577474}