{"3-DES-128": 0.0, "3-DES-192": 1.3333333333333333, "AES-128": 0.0, "AES-256": 0.0, "RSA-1024": 0.0, "Blowfish-128": 6.666666666666667, "Blowfish-192": 0.0}