{"3-DES-128": 6.766666666666668, "3-DES-192": 26.766666666666662, "AES-128": 0.10000000000000002, "AES-256": 0.10000000000000002, "RSA-1024": 0.09999999999999999, "Blowfish-128": 17.433333333333334, "Blowfish-192": 0.10000000000000002}