{"3-DES-128": 1.8951630592346191, "3-DES-192": 1.833256721496582, "AES-128": 0.046847263971964516, "AES-256": 0.03734485308329264, "RSA-1024": 0.0021669467290242514, "Blowfish-128": 0.037601470947265625}