{"AES-128": 1.0, "RSA-1024": 0.994604926492938, "AES-256": 0.9333788237837214, "Blowfish-128": 0.8898295384609646, "Blowfish-192": 0.8816504802118886, "3-DES-192": 0.06772616504143832, "3-DES-128": 0.06722743844217219}