{"RSA-1024": 1.0, "AES-128": 0.9781993971643029, "AES-256": 0.9460575240011688, "Blowfish-128": 0.882874912932952, "Blowfish-192": 0.8821579797471102, "3-DES-192": 0.06681723461752798, "3-DES-128": 0.06579528993208254}