{"RSA-1024": 1.0, "AES-256": 0.9391580750808083, "Blowfish-128": 0.8770804896452551, "AES-128": 0.8742853737879861, "3-DES-192": 0.06314158274864248, "3-DES-128": 0.06087769834248647}