{"RSA-1024": 1.0, "AES-128": 0.03614457831325302, "AES-256": 0.03614457831325302, "3-DES-128": 0.010600706713780916, "Blowfish-128": 0.007444168734491318, "3-DES-192": 0.003397508493771235}