{"RSA-1024": 1.0, "AES-128": 0.9999999999999998, "AES-256": 0.9999999999999998, "Blowfish-192": 0.9999999999999998, "3-DES-128": 0.014778325123152705, "Blowfish-128": 0.005736137667304015, "3-DES-192": 0.0037359900373599006}