{"Blowfish-192": 1.0, "AES-128": 0.06976744186046516, "RSA-1024": 0.06976744186046516, "AES-256": 0.036144578313253024, "Blowfish-128": 0.008264462809917356, "3-DES-128": 0.006772009029345373, "3-DES-192": 0.004149377593360998}